name,country,sport,height
Brenda Farrell,1,Archery,1.84
James Beck,3,Badminton,2.05
James Cox,1,Badminton,1.96
Debbie Gonzales,4,Badminton,1.82
Randy Rivera,1,Badminton,1.94
Jessica Wheeler,1,Basketball,1.95
David Smith,3,Archery,1.52
Michael Bolton,1,Badminton,2.02
Walter Everett,1,Archery,1.76
Jessica Wolf,1,Badminton,2.02
Amy Bradford,4,Archery,1.54
James Fischer,1,Badminton,1.76
Patrick Sanders,2,Badminton,2.12
John Mccormick DVM,2,Archery,1.74
Mrs. Whitney Noble,1,Badminton,2.03
Alex Leonard,3,Badminton,1.8
Cindy Pena,3,Archery,1.61
Robin Stevens,1,Badminton,1.83
Amy Suarez,2,Badminton,1.82
Toni Curtis,1,Basketball,2.13
Michael Frank,4,Badminton,1.8
Nathan Giles,1,Badminton,1.86
Kimberly Young,1,Archery,1.68
Brian Cole,1,Badminton,2.06
Devon Gordon,1,Badminton,2.06
Joshua Cohen,1,Basketball,2.01
Craig Alvarez,2,Archery,1.7
Eric Odom,1,Basketball,2.07
Richard Hunter,3,Basketball,1.95
Holly Macdonald,1,Basketball,1.91
Alyssa Carr,3,Badminton,1.88
Jacob Roberts,1,Archery,1.96
Robert Carson,4,Badminton,1.89
Danielle Price,1,Badminton,1.76
Richard Choi,1,Badminton,2.09
Clinton Alvarez,2,Badminton,1.9
Dr. Makayla Johnson,1,Basketball,2.02
Jamie Payne,2,Archery,1.78
Mary Lang,2,Badminton,1.92
Shawn Brown,1,Archery,1.7
Crystal Myers,1,Basketball,2.14
Pamela Porter,1,Badminton,2.01
Kathryn Smith,1,Archery,1.76
Billy Dean,1,Basketball,1.89
Dawn Bailey,4,Badminton,1.91
Terri Edwards,1,Badminton,1.91
Susan Ayala,1,Basketball,1.76
Miguel King,3,Archery,1.61
Henry Williams,1,Basketball,2.17
Anthony Hernandez,3,Archery,1.73
James Clayton,1,Archery,1.59
Taylor Steele,2,Basketball,2.11
Bruce Nelson,1,Archery,1.59
Gregory Jenkins,1,Badminton,1.84
John Lin,1,Basketball,1.98
Tracy Chase,1,Basketball,2.26
Robert Little,1,Badminton,2.01
Kyle Jones,2,Badminton,1.82
Michael Hahn,3,Badminton,1.9
Catherine Jones,3,Archery,1.71
James Estrada,4,Basketball,1.94
Cody Armstrong,2,Badminton,2.14
Anthony Foley,2,Badminton,2.06
Donald Mcintosh,1,Badminton,1.91
Aaron Mullins,2,Basketball,1.9
Christopher Montgomery,2,Archery,1.71
Bonnie Cannon,4,Archery,1.67
John Kennedy,2,Archery,1.63
Jennifer Wiley,3,Badminton,1.67
Megan Bolton,2,Badminton,1.9
John Norman,2,Archery,1.58
Kelly Ruiz,1,Archery,1.59
Melinda Lopez,1,Badminton,1.88
Amy Carter,1,Badminton,1.85
Troy Hunter,1,Basketball,2.05
Nathan Evans,1,Badminton,1.77
Andrea Skinner,1,Basketball,2.1
Laura Whitaker,1,Basketball,1.8
Angela Banks,1,Archery,1.93
Matthew Morgan,4,Basketball,1.94
Catherine Hawkins,2,Archery,1.51
Madison Gates,1,Archery,1.7
Dr. Ellen Ramos,1,Archery,1.76
James Miller,1,Basketball,2.15
Heather Banks,3,Archery,1.75
Ricardo Boyd,2,Archery,1.87
Dylan Schmidt,1,Basketball,2.08
Lindsey Norris,2,Badminton,1.94
Carolyn Lee,1,Basketball,2.28
Mrs. Lisa Henderson DDS,1,Basketball,2.06
Kimberly Peterson,1,Archery,1.54
Sean Bell,1,Basketball,2.06
Roger Flores,1,Basketball,2.16
Courtney Rodriguez,1,Badminton,1.94
Timothy Jackson,3,Badminton,2.04
Jessica Perkins,2,Archery,1.84
Karen Scott,2,Basketball,1.92
Alex Wiggins,1,Basketball,1.91
Matthew Pugh,2,Archery,1.66
Rachel Mcdonald,3,Basketball,2.24
Jamie Lopez,3,Archery,1.65
Joshua Thomas,1,Badminton,1.99
Jennifer Walter,1,Basketball,1.88
Carl Todd,1,Archery,1.69
Christopher Young,2,Archery,1.69
Gabriel Rodriguez,4,Basketball,1.88
Larry Bonilla,1,Badminton,2.05
Megan Ramirez,2,Archery,1.72
Jessica Powell,1,Basketball,2.15
Logan Phillips,3,Badminton,1.8
Katherine Reed,3,Basketball,2.29
Jeffrey Gonzalez,2,Basketball,2.08
Mariah Nguyen,1,Archery,1.88
Angela Mccullough,1,Archery,1.72
Martha Lane,2,Badminton,1.95
Brandon Powell,2,Archery,1.72
Erin Humphrey,2,Badminton,1.8
William Carter,1,Badminton,2.06
Kenneth Harrington,1,Basketball,1.81
Lynn Perez,3,Badminton,1.85
Matthew Li,1,Archery,1.5
Stephanie Allen,1,Badminton,1.83
Shannon Anderson,4,Badminton,1.69
Amber Taylor,1,Basketball,2.0
Mrs. Melissa Paul,1,Badminton,1.73
Scott Cooper,2,Basketball,2.3
Megan Berry,1,Basketball,2.13
Daniel Kennedy,4,Basketball,1.7
Jasmine Russell MD,4,Badminton,1.91
Tracy Archer,2,Archery,1.63
Dustin Nelson,1,Archery,1.7
Cindy Carlson,2,Basketball,1.92
Steven Whitney,1,Badminton,1.83
Kyle Jones,1,Basketball,2.11
Melissa Ray,1,Badminton,1.9
Raymond Vargas,1,Badminton,2.04
Daniel Riddle,1,Archery,1.78
Deanna Marshall,1,Archery,1.5
Belinda Weaver,2,Badminton,1.83
Frank Harper,1,Archery,1.79
Cindy Smith,1,Badminton,1.82
Shannon Walker,1,Archery,1.7
Julie Rogers,2,Badminton,2.08
Samantha Jenkins,4,Basketball,2.25
Anthony Middleton,1,Badminton,1.95
Nicole Bailey PhD,1,Basketball,1.9
Diana Miller,1,Badminton,1.9
Eric Wise,1,Basketball,2.09
Mary Stafford,2,Basketball,1.94
Anne Rodriguez,3,Archery,1.57
Greg Solis,3,Basketball,1.99
Justin Williams,1,Badminton,1.8
Ashley Petersen,2,Archery,1.71
Eric Ward,2,Badminton,1.89
Terry Green,1,Archery,1.89
Joseph Edwards,2,Basketball,1.94
Mr. Kenneth Phillips,1,Basketball,2.01
Jacob Davis,3,Badminton,1.76
Joshua Alvarado,1,Badminton,1.8
James Preston,1,Archery,1.83
Chelsea King,4,Archery,1.68
Bryan Bridges,2,Badminton,1.86
David Olson,1,Archery,1.71
Paula Reid,1,Archery,1.83
Nicole Richardson,4,Badminton,2.03
Christina Watson,2,Archery,1.81
Sheila Jimenez,1,Archery,1.6
Trevor Rivas,1,Basketball,1.91
Cynthia Walker,1,Archery,1.81
Mrs. Holly Sloan,1,Archery,1.52
Tammy Wood,3,Archery,1.62
Mary Mullins,2,Badminton,1.85
Heidi Perez,1,Basketball,2.07
Colleen Avery,3,Badminton,1.96
Jared Horne,4,Basketball,2.18
Tyler Gamble,3,Basketball,1.92
Ashley Reyes,1,Archery,1.67
Mrs. Robyn Boyer,2,Badminton,1.85
Cynthia Zimmerman,3,Basketball,1.92
Bradley Gardner,2,Archery,1.7
John Levine,1,Basketball,2.06
Michael Allen,1,Basketball,1.96
Curtis Frank,1,Archery,1.8
Shelly Miller,1,Badminton,1.7
William Reed,1,Basketball,2.17
Renee Smith,3,Badminton,1.94
Tyler Carter,1,Badminton,1.89
Andrea Brown,4,Badminton,1.77
Rebecca Chambers,1,Basketball,2.05
James Tran,1,Badminton,1.92
Mr. Benjamin Pope,1,Basketball,2.1
Isaiah Avila,2,Basketball,2.14
Melissa Allen,1,Archery,1.5
Mark Hammond,2,Archery,1.74
Kyle Cunningham,1,Basketball,2.15
Haley Lee,1,Badminton,1.76
Daniel Harris,1,Badminton,1.87
Amy Zuniga,4,Archery,1.85
Joshua Ramirez,1,Basketball,2.01
Carrie Clayton,2,Basketball,2.07
Kelsey Phillips,1,Basketball,2.13
William Fernandez,3,Archery,1.67
Dr. Zachary Nelson,2,Archery,1.8
Philip Thompson,1,Badminton,1.58
Brent Powell,4,Badminton,1.87
Luis Wood,1,Archery,1.72
Steven Flowers,1,Basketball,1.98
John Pennington,4,Archery,1.76
Brittany Delgado,2,Archery,1.61
Rebecca Pratt,2,Badminton,2.15
Carrie Rice,1,Archery,1.68
Steven Harding,1,Basketball,2.06
Shane Avery,2,Basketball,1.8
Jennifer Robinson,3,Archery,1.8
John Morrison,3,Archery,1.7
Angela Stevens,1,Archery,1.61
Jonathan Day,2,Badminton,2.02
Susan Zuniga,1,Badminton,1.85
Kimberly Lewis,1,Archery,1.69
Andrew Rivas,1,Badminton,1.69
Cassandra Watts,3,Archery,1.51
Michael Mckay,3,Basketball,1.89
Claudia Miller,1,Archery,1.76
Amanda Young,1,Basketball,1.84
Ryan Smith,2,Basketball,2.04
Janice Sloan,4,Badminton,1.94
Juan Wallace,1,Archery,1.84
Matthew Quinn,1,Basketball,2.11
Erin Smith,2,Badminton,1.89
Jenny Barnes,1,Badminton,1.77
Matthew Sampson,1,Badminton,1.86
Isaac Ruiz PhD,2,Badminton,1.74
Jason Whitehead,1,Archery,1.86
Malik Parker,2,Badminton,1.83
Emily Graves,1,Badminton,1.67
Kathleen Hoover,1,Badminton,1.75
Michelle Miller,1,Basketball,2.09
Martha Ramirez,1,Archery,1.62
Kristy Logan,2,Basketball,2.11
Susan Brown DDS,1,Archery,1.77
Victor Cardenas,2,Badminton,1.92
Hector Glover,1,Badminton,1.88
Bob Thomas,1,Archery,1.82
Brianna Haney,1,Badminton,1.82
Christine Howe,3,Archery,1.87
Jill Herrera,1,Basketball,2.1
Brett Baker,1,Archery,1.76
Donna Neal,3,Archery,1.78
Victor Frazier,2,Badminton,2.12
Jessica Dawson,4,Archery,1.81
Jennifer Anderson,2,Basketball,2.09
Matthew Carey,2,Basketball,2.04
Justin Hood,1,Archery,1.77
Andrew Hudson,4,Archery,1.9
Melissa Wood,1,Archery,1.64
David Clark,2,Badminton,1.94
Paula Sullivan,4,Basketball,1.97
Jonathan Manning,1,Badminton,1.91
Kelly Martinez,3,Archery,1.69
Andrew Powell,1,Archery,1.76
Kerri Anderson,1,Badminton,2.02
Laurie Rose,2,Archery,1.86
Matthew Osborn,1,Badminton,2.07
Elizabeth Davis,3,Badminton,1.86
Gloria Foster,1,Badminton,1.8
Kim Williams,4,Badminton,1.88
Diana Powers,2,Basketball,2.01
Keith Thomas,1,Archery,1.61
Robert Smith,2,Badminton,1.87
Mrs. Lisa Rose,2,Badminton,1.94
Elizabeth Rose,1,Archery,1.74
Sonya Salas,1,Badminton,1.96
Larry Davenport,1,Archery,1.76
Douglas Fitzpatrick,1,Basketball,1.87
Adrian Arnold,1,Basketball,2.02
Natalie Henry,3,Archery,1.8
William Jimenez,1,Archery,1.62
Jason Parker,2,Basketball,2.14
Melissa Ramos,1,Basketball,1.97
Collin Hernandez,1,Archery,1.82
Howard Fernandez,4,Badminton,2.02
Gloria Dominguez,4,Badminton,1.97
Nicole Gardner,4,Basketball,2.08
Ian Johnson,2,Basketball,2.3
Mr. Logan Hayes,3,Basketball,2.07
Paul Miller,1,Archery,1.66
Maurice Adams,4,Archery,1.59
Charles Griffin,2,Basketball,1.91
Michelle Collins,4,Basketball,2.01
Daniel Phillips,1,Basketball,2.01
Cristina Williams,2,Archery,1.63
Nicholas Baxter,2,Basketball,1.98
David Jefferson,1,Badminton,2.11
Mary Rasmussen,1,Archery,1.64
Derrick Smith,1,Archery,1.85
William Johnson,1,Basketball,2.05
Susan Ward,1,Archery,1.72
Daniel Schultz,1,Archery,1.65
Brian Mora,1,Basketball,2.19
Robert Harper,3,Basketball,1.92
Cassidy Sanchez,2,Badminton,2.07
Roy Whitney,1,Basketball,1.94
Michele Eaton,1,Badminton,1.77
Joshua Mullins,3,Badminton,1.93
Audrey Vaughan,1,Badminton,1.61
Christopher Mitchell,3,Basketball,2.05
Frances Sampson,1,Basketball,2.08
Gregory Downs,1,Archery,1.89
Edward Taylor,1,Basketball,2.3
Robert Mcpherson,1,Basketball,2.04
Monica Brown,1,Badminton,1.81
Parker Fernandez,4,Badminton,2.08
Sheri Jackson,3,Archery,1.59
Kimberly Weiss,4,Basketball,1.99
Mathew Booker,1,Archery,1.76
Teresa Ramirez,3,Badminton,2.03
Robert Mccoy,3,Basketball,2.19
Emily Johnson,3,Badminton,1.93
Wanda Cardenas,1,Badminton,1.8
Cathy Knox,1,Basketball,1.95
Michael Clarke,4,Basketball,1.95
Steven George,1,Basketball,2.17
Eric Boyer PhD,1,Badminton,2.03
Paul Holmes,1,Badminton,1.88
Ronald Green,4,Archery,1.72
Sandra Ortiz,1,Badminton,1.9
John Murphy,4,Badminton,1.9
Elizabeth Martinez,1,Basketball,2.04
Tiffany Williams,1,Badminton,1.94
Michelle Rodriguez,3,Basketball,2.13
Daniel Howard,1,Badminton,1.96
Randall Ramsey,1,Archery,1.57
Mark Hicks,2,Badminton,1.88
Megan Thomas,1,Archery,1.93
Robert Stokes,2,Badminton,2.02
Mary Romero,2,Basketball,1.87
Charles Richardson,4,Badminton,1.96
John Galloway,2,Badminton,1.83
Richard Scott,2,Basketball,2.02
Amanda Stewart,2,Archery,1.76
Matthew Payne,2,Basketball,1.99
Mrs. Rachel Valdez,2,Archery,1.78
Danielle Grant,3,Basketball,1.94
Angel Nguyen,1,Archery,1.69
Douglas Guzman,1,Badminton,1.93
Mark Anderson,1,Badminton,1.94
Molly Robinson,1,Archery,1.84
James Roberts,2,Archery,1.86
Lisa Casey,1,Basketball,2.09
Melissa Ryan,3,Badminton,1.87
Dawn Green,4,Badminton,1.86
Joseph Moreno,1,Basketball,1.96
Christy Brown,4,Archery,1.79
Gabriella Nelson,1,Basketball,2.02
Frank Leblanc,2,Badminton,1.98
Steven Walker,2,Badminton,1.87
Drew Huang,3,Archery,2.03
Ashley Rodriguez,2,Basketball,2.06
Courtney Sanford,3,Archery,1.84
Terri Wood,1,Badminton,1.96
Nathan Stein,1,Badminton,1.98
Cynthia Gaines,2,Badminton,1.74
Kara Yu,4,Archery,1.81
Andrea Cooley,1,Badminton,1.88
John Flores,1,Archery,1.72
Christina Goodman,4,Basketball,2.0
Norman Morrison,1,Basketball,2.0
Jason Price Jr.,1,Badminton,1.88
Kelsey Gregory,1,Archery,1.67
Susan Morris,1,Basketball,1.87
Michael Thompson,1,Badminton,1.92
Michael Jackson,3,Archery,1.71
Gregory Murphy,2,Basketball,1.91
Thomas Campbell,1,Archery,1.93
Alexander Parker,3,Basketball,2.0
Carol Moses,1,Badminton,2.01
William Carter,4,Basketball,2.06
Chloe Hernandez,1,Badminton,1.68
Richard Hill,4,Basketball,1.91
Matthew Bartlett,2,Badminton,2.05
Christopher Adams,1,Badminton,1.83
Ann Hicks,2,Basketball,2.19
Beth Guerrero,1,Badminton,2.11
Jason Bennett,1,Archery,1.72
Catherine Garcia,1,Archery,1.75
Laura Thomas,2,Badminton,1.8
Tracy Henderson,4,Badminton,1.73
Christina Armstrong,1,Badminton,1.74
Tiffany Howard,1,Basketball,1.89
Michelle Romero,4,Badminton,1.83
Rebecca Shannon,4,Basketball,2.04
Corey Harris,1,Archery,1.73
Amanda Hendricks,1,Archery,1.69
Scott Kline,3,Badminton,1.91
Christopher Nixon,4,Badminton,2.06
Rebekah Shepard,1,Badminton,1.98
Robert Barrett,1,Badminton,1.99
Walter Miller,1,Basketball,2.06
Stephanie Thornton,4,Badminton,1.95
Kaitlyn Wang,1,Badminton,1.93
Daniel Scott,4,Badminton,1.78
Jonathan Perez,1,Archery,1.62
Joseph Collier,3,Badminton,2.04
Eric Bates,2,Basketball,2.05
Brandy Greene,1,Basketball,1.96
Henry Russell,1,Basketball,1.83
Shannon Macias,1,Badminton,2.15
Brooke Adams,1,Basketball,2.07
Jason Proctor,4,Basketball,2.01
Dustin Ward,2,Basketball,1.95
April Johnson,4,Archery,1.65
Bradley Nguyen,1,Basketball,2.06
Emily Cross,3,Badminton,1.74
Barbara Holland,1,Archery,1.74
David Powell,1,Badminton,1.96
Sara Mcdonald,1,Archery,1.72
Wendy Hunter,3,Badminton,2.1
Michael Smith,1,Badminton,1.76
Alexis Adams,1,Basketball,2.02
Michelle Jenkins,1,Basketball,2.08
Jeremy Rose,2,Archery,1.85
Ryan Salas,1,Badminton,1.62
William Patton,2,Badminton,1.77
Hannah Conway,2,Badminton,1.7
Stacey Carson,1,Archery,1.66
Sara Moreno,2,Basketball,2.0
Angela Wilson,1,Badminton,2.14
Angela Hampton,1,Archery,1.76
Jim Smith,2,Archery,1.92
Alejandro Smith,2,Badminton,1.81
Anthony Morrow,1,Archery,1.78
Kelly Mccarthy,1,Basketball,2.07
Jeffrey Castillo,1,Archery,1.84
Tara Jackson,2,Badminton,1.8
Caleb Norman,2,Archery,1.69
Katherine Baker,1,Archery,1.78
Jennifer Calhoun,1,Badminton,1.86
Nicholas Grant,4,Basketball,2.05
Phillip Lopez,1,Badminton,1.89
Jesse Clark,4,Badminton,1.88
Bianca Miller,2,Badminton,1.81
Angela Brown,1,Basketball,2.11
Theresa Cohen,4,Badminton,1.84
Robert Spears,2,Basketball,1.99
Robert Allison,2,Archery,1.67
Juan Carr,1,Archery,1.68
Hannah Olson,1,Archery,1.78
Courtney Hoffman,1,Basketball,1.86
Melvin Meyer,1,Archery,1.56
Michael Moran,1,Archery,1.58
Lindsay Leon,2,Archery,1.61
Jason Potter,2,Basketball,1.97
Krista Mitchell,1,Archery,1.5
Melanie Smith,1,Archery,1.68
Lacey Yates,1,Archery,1.93
Michael Robinson,2,Archery,1.84
Carl Miller,1,Basketball,1.88
Thomas Hall,4,Archery,1.79
Sandra Walker,2,Badminton,2.04
Christine Le,1,Badminton,1.94
Michelle Smith,1,Archery,1.71
Patrick Taylor,1,Archery,1.67
Robert Thomas,2,Basketball,1.99
Erica Lopez,1,Basketball,2.09
Michael Reed,2,Basketball,2.17
Bruce Terry,1,Archery,1.55
Elizabeth Scott,1,Badminton,2.02
Ann Garrett,2,Basketball,1.69
Steven Christian,1,Archery,1.61
Kevin Adams,2,Archery,1.7
Mr. Alan Cruz PhD,1,Archery,1.79
Cynthia Cook,1,Badminton,1.78
Julie Woods,2,Basketball,1.98
Jessica Rogers,3,Badminton,1.88
April Stafford,2,Archery,1.81
Rachel Anderson,1,Badminton,1.85
Taylor Taylor,4,Archery,1.69
Joshua Potts,2,Badminton,1.97
Richard Kaiser,2,Badminton,2.04
Andrea Powell,1,Archery,1.69
Brian Werner,2,Archery,1.75
Amber Hill,1,Archery,1.83
Elizabeth Robinson,4,Basketball,1.98
Mark Austin,3,Basketball,1.94
David York,1,Basketball,1.87
Joseph Harrison,1,Badminton,1.74
Lori Freeman,1,Badminton,1.91
Kelly Thornton,1,Badminton,1.85
Lee Lee II,2,Badminton,2.07
Michele Myers PhD,1,Badminton,1.76
Mr. David Duarte Jr.,1,Archery,1.65
Nancy Elliott,3,Archery,1.85
Stephanie Peterson,2,Basketball,2.17
Michele Berry,1,Badminton,1.76
Laura Alvarez,2,Archery,1.72
David Cortez,2,Badminton,1.89
Rachel Weeks,4,Basketball,2.01
Joseph Levy,2,Archery,1.75
Christine Schmidt,4,Archery,1.63
John Davis,2,Badminton,1.91
Matthew Brooks,1,Badminton,1.6
Carol Brown,1,Archery,1.69
Derek Bradley,2,Archery,1.92
Stephanie Adams,2,Basketball,1.8
Sandra Smith,4,Basketball,2.1
Audrey Lowery,1,Badminton,1.68
John Bennett,3,Archery,1.96
Cheryl Robinson,1,Archery,1.8
Jennifer Lopez,1,Badminton,1.75
Jennifer Harrell,1,Badminton,1.84
Michelle Thomas,1,Archery,1.74
Luis Hatfield,2,Basketball,2.05
Martin Cruz,1,Badminton,1.99
Gary Henry,4,Badminton,1.93
Aaron Gonzalez,2,Archery,1.7
Brandon Scott,1,Basketball,1.81
Melissa Evans,4,Badminton,1.94
Ryan Kennedy,1,Badminton,1.9
Jasmine Johnson,2,Archery,1.79
Matthew Anderson,3,Badminton,1.91
Cynthia Miller,1,Archery,1.75
Veronica Cooper,1,Basketball,2.04
Noah Jimenez,1,Basketball,1.99
Carlos Short,1,Badminton,1.86
Debra Herrera,3,Badminton,1.92
Leslie Petersen,2,Archery,1.94
Zachary Rios,2,Archery,1.59
Travis Moore,2,Archery,1.67
Alexandra King,1,Basketball,2.01
Scott Rodriguez,3,Basketball,2.07
Michelle Robertson,1,Badminton,1.74
Terry Kim,4,Archery,1.73
Tammy Savage,1,Basketball,1.92
Roy Mora,1,Basketball,2.02
Heather Barron,3,Badminton,1.89
Thomas Reynolds,1,Archery,1.83
David Welch,1,Basketball,1.92
Emily Guzman,1,Archery,1.75
Ashley Marshall,2,Badminton,2.01
Allen Robinson,4,Archery,1.56
Randall Jones,2,Archery,1.67
Michael Gonzalez,1,Badminton,1.85
Jeremy Davis,2,Badminton,1.76
Veronica Murphy,4,Basketball,2.18
Amanda Morales,1,Archery,1.8
Linda Lam,4,Basketball,2.08
Dr. Felicia Shah,1,Badminton,1.78
Maria Wells,4,Badminton,1.94
Todd Foster,2,Archery,1.71
Jodi Wiley,1,Archery,1.61
Ashley Howard,1,Basketball,2.04
Michael Clay,1,Archery,1.77
Tammy Klein,1,Basketball,1.95
James Andrews,1,Badminton,2.02
Sue Morrow,4,Basketball,2.09
Nicole Bennett,2,Badminton,1.87
Emily Garcia,1,Badminton,2.28
Tracey Blankenship,2,Badminton,1.83
Richard Clark,1,Basketball,2.08
Cameron Murphy,1,Basketball,2.18
Elizabeth Barron,1,Archery,1.67
Samantha Bennett,1,Basketball,1.97
Roger Fowler,1,Basketball,1.89
Brenda Robinson,3,Archery,1.96
Edward Marsh,1,Badminton,2.03
Frank Reed,1,Badminton,1.88
Mark Phelps,3,Basketball,1.92
Ashley Fletcher,2,Archery,1.65
Chad Stein,1,Basketball,2.0
Edwin Bishop,1,Badminton,1.86
Lauren Miller,1,Archery,1.84
Eric Lee,1,Badminton,1.95
Tyler Watts,1,Archery,1.86
Roberto King,1,Archery,1.92
Zachary Downs,4,Badminton,1.91
Matthew Thomas,1,Badminton,1.94
Caroline Diaz,1,Badminton,1.88
Mark Neal,2,Archery,1.61
Deborah Potter,1,Badminton,1.82
Rachel Armstrong,1,Badminton,1.85
Rachel Carpenter,1,Badminton,1.94
Alicia Arellano,2,Badminton,1.92
William Clark,1,Badminton,1.81
Gina Walker,1,Badminton,1.81
Elizabeth Bird,4,Badminton,1.83
Joshua Howell,1,Basketball,1.91
Thomas Ellison,1,Badminton,1.99
Jeffrey Gross DDS,2,Archery,1.96
Jose Rogers,1,Basketball,1.82
Nicole Ellis,1,Badminton,1.91
Jasmine Johnson,1,Badminton,1.83
Debra Harris,2,Badminton,1.87
Diana Ortiz,4,Basketball,1.98
Jessica Collins,1,Basketball,1.8
Felicia Rodriguez MD,1,Basketball,2.13
Victoria Nunez,1,Basketball,2.01
Martha Glenn MD,4,Basketball,2.16
Patricia Randolph,2,Badminton,1.91
Todd Ryan,1,Badminton,1.85
Jordan Alvarez,1,Badminton,1.84
Brittany Douglas,1,Basketball,1.82
Christina White,2,Badminton,1.92
Darren Rubio,1,Basketball,1.91
Renee Medina,1,Archery,1.79
Adam Ashley,1,Basketball,2.09
Shelly Morrison,1,Basketball,2.05
Mrs. Melanie Ross DVM,1,Archery,1.78
George Rice,2,Basketball,1.84
Brandon Hamilton,1,Badminton,1.94
Johnny Nicholson,1,Archery,1.6
Stephanie Davis,1,Badminton,2.05
Jeffrey Hayden,2,Archery,1.75
Jennifer Bryant,2,Badminton,1.91
Mrs. Cindy Henry,2,Archery,1.95
Caitlin Torres,1,Basketball,2.15
Amanda Dominguez,1,Archery,1.83
Alison Brown,1,Basketball,1.76
Alan Navarro,1,Archery,1.75
Kim Perez MD,4,Basketball,2.06
Kimberly Dixon,1,Basketball,1.99
Gary Hunter,1,Basketball,2.13
Katherine Williams,1,Basketball,2.11
Sheri Clark,1,Archery,1.94
Andrea Williams,1,Basketball,2.06
Anthony Thompson,1,Basketball,1.69
Andrea Scott,3,Badminton,1.81
Tracey George,4,Archery,1.59
Maria Pena,4,Archery,1.58
Timothy Thomas,1,Archery,1.79
Chelsea Smith,1,Badminton,2.13
Kathryn Watson,3,Archery,1.69
Ashley Watson,1,Badminton,2.05
Brian Brooks,1,Basketball,2.16
Thomas Johnson,1,Basketball,2.1
Judith Schaefer,1,Badminton,1.97
Leah Young,1,Archery,1.7
Robert Ferguson,1,Basketball,2.09
Ashley Murray,2,Archery,1.68
Catherine Fletcher,1,Badminton,1.74
Lynn Rhodes,3,Badminton,1.94
Jessica White,3,Basketball,1.92
Crystal Singh,3,Basketball,1.88
Gary Foley,1,Badminton,1.97
Austin Cantu,1,Basketball,2.02
Curtis Nguyen,1,Basketball,2.26
Samuel Pope,2,Badminton,2.03
Victoria Ryan,1,Archery,1.67
Jason Dominguez,4,Archery,1.74
Blake Benton,1,Badminton,1.94
Shirley Rodriguez,1,Basketball,2.05
Sheila Mcbride,1,Basketball,1.83
Brenda Wright,1,Badminton,1.94
Brianna Dickerson,1,Basketball,2.14
Sandra York,1,Badminton,1.86
Ryan Green,1,Badminton,1.94
Terry Collins,1,Badminton,2.13
Stephanie Gray,3,Archery,1.54
Rachel Hudson,1,Archery,1.78
Colin Lawson,1,Archery,1.72
Candice Stanley,1,Archery,1.79
Michele Cole,4,Badminton,1.7
Michael Harris,1,Basketball,2.0
Aimee Sweeney,1,Basketball,1.84
Sarah Taylor,2,Basketball,2.02
Sean Roth,2,Archery,1.73
Andrew Gilmore,1,Archery,1.79
Stephen Patel,2,Badminton,1.87
Erin Knight,1,Archery,1.96
Natasha Roberts,3,Archery,1.73
Ruben Mathews,2,Basketball,2.02
Phillip Fox,1,Badminton,1.81
Wendy Jordan,1,Badminton,2.07
Sonya Brewer,3,Basketball,2.18
Rhonda Hall,1,Badminton,2.07
Anthony Shaw,1,Archery,1.56
Susan Hill,1,Badminton,1.73
Tamara Brewer,1,Basketball,1.9
Katherine Rios,2,Archery,1.67
Adam Ramirez,4,Archery,1.63
Denise Baldwin,2,Badminton,1.8
Tara Bonilla,4,Badminton,1.68
Steven Clark,2,Basketball,1.95
Charles Johnson,2,Archery,1.75
Lisa Fernandez,2,Archery,1.78
Alex Conrad,1,Basketball,1.89
Ashley Scott,2,Archery,1.73
Barbara Mcclure,2,Archery,1.68
Derek Powell,1,Badminton,1.73
Micheal Ruiz,3,Archery,1.72
Derek Wilson,3,Archery,1.79
Melissa Maynard,1,Basketball,1.97
John Kemp,1,Archery,1.95
Thomas Gallagher,1,Basketball,2.02
Lauren Wu,1,Badminton,1.58
Eric Aguirre,2,Archery,1.63
John Wilson,1,Badminton,1.84
Dillon Mata,1,Badminton,1.94
Jay Baker,1,Badminton,1.91
Mary Henry,2,Basketball,2.15
Gina Rodriguez,2,Basketball,2.1
Catherine Sawyer,1,Badminton,1.7
Derek Alvarado,2,Basketball,1.94
Keith Tanner,3,Basketball,2.01
Brianna Ballard,3,Badminton,1.88
Michael Hall,1,Badminton,1.93
Julie Phelps,1,Basketball,1.88
Elizabeth Rowe,4,Badminton,1.64
Alexis Ortiz,1,Badminton,1.8
Jennifer Scott,1,Badminton,1.93
Robin Villegas,4,Archery,1.72
Troy Reed,1,Archery,1.85
Madison Duncan,1,Badminton,2.19
Samuel Brown,4,Archery,1.77
Stephanie Briggs,1,Basketball,1.96
Eric Brooks,1,Basketball,2.08
Jacob Fuentes,1,Badminton,1.82
Jessica Hardy,1,Basketball,2.04
Jamie Moses,2,Badminton,1.82
Samantha Simpson,4,Badminton,1.98
Justin Reyes,1,Archery,1.67
Courtney Harrison,4,Basketball,2.08
Mark Hernandez,2,Archery,1.68
Tamara Butler,2,Basketball,1.9
Matthew Hicks,4,Archery,1.77
Kelly Powers,2,Badminton,1.95
Omar Johnson,2,Archery,1.58
James Mason,1,Archery,1.9
Daniel Banks,1,Archery,1.68
Stacey Hamilton,2,Basketball,2.07
John Bentley,4,Archery,1.68
James Garcia,2,Badminton,1.76
Melissa Hernandez,3,Basketball,1.83
Joseph Williams,1,Archery,1.64
Matthew George,1,Archery,1.66
Heather Page,1,Basketball,2.05
James Matthews,1,Basketball,1.95
Tina Wood,1,Archery,1.7
Wanda Cantu,1,Archery,1.85
Misty Marsh,1,Archery,1.59
Gary Hammond,2,Badminton,1.71
Tyler Williams,4,Badminton,1.88
Alyssa Garrison,4,Badminton,1.9
Adam Branch,2,Basketball,1.89
Michael Chen,4,Archery,1.95
Belinda Navarro,1,Basketball,1.97
Courtney Harper,3,Basketball,1.83
Hannah Black,1,Badminton,1.88
Lisa Hernandez,1,Basketball,1.88
Kenneth Golden,1,Archery,1.85
Ryan Young,2,Archery,1.82
Erin Boyle,1,Badminton,1.9
Kevin Jones,4,Archery,1.63
Christine White,1,Badminton,1.86
Ralph Floyd,2,Archery,1.66
Joshua Reynolds,1,Archery,1.84
Whitney Sutton,3,Badminton,1.97
Joel Morton,3,Archery,1.71
Sonya Fox,4,Basketball,2.04
Carla Cooper,2,Badminton,1.81
William Flores,2,Basketball,1.79
Sharon Reese,1,Archery,1.71
Sherry Jackson,1,Basketball,2.0
Danielle Roberts,3,Basketball,2.13
Kimberly Cannon,4,Basketball,2.3
Christopher Marshall,1,Basketball,2.23
Hannah Lutz,1,Archery,1.69
Kathy Brooks,1,Basketball,1.86
Erin Meadows,1,Basketball,1.91
Mr. Michael Hernandez,3,Basketball,2.09
Marcus Rodriguez,1,Basketball,2.08
Alyssa Smith,1,Archery,1.99
Chad Christian,3,Basketball,1.77
Richard Thomas,2,Basketball,2.21
Vanessa Williams,1,Badminton,1.69
Hannah Byrd,1,Basketball,2.01
Angela Wiley,3,Archery,1.63
Luke Holmes,2,Archery,1.61
Cassandra Porter,1,Badminton,2.04
Cheryl Hernandez,2,Badminton,1.81
Kaitlin Boyer,3,Archery,1.76
Leslie Ferguson,1,Basketball,2.02
Claire Bailey,1,Basketball,2.21
Kristina Smith,3,Archery,1.68
Nathan Allen,2,Basketball,1.86
Gabrielle Reed,2,Archery,1.78
Brad Brown,4,Badminton,1.96
Ryan Rodriguez,1,Basketball,1.87
Lisa Smith,1,Archery,1.81
Stephen Bell,2,Badminton,1.8
Barry Owens,1,Basketball,1.88
Christopher Stout,2,Archery,1.69
Julie Simmons,1,Basketball,2.02
David Miller,2,Archery,1.51
John Ellis,1,Basketball,1.78
Rachel Lyons,1,Archery,1.7
Miranda Bonilla,1,Badminton,2.1
Allison Stevenson,1,Basketball,2.04
Russell Jones,4,Archery,1.66
Patricia West,1,Badminton,1.99
Lisa Nguyen,2,Basketball,2.01
Kevin Wilson,1,Archery,1.78
Ashley Rogers,1,Basketball,1.87
Rick Chavez,1,Archery,1.85
Mary Brown,1,Badminton,1.88
Leonard Myers,1,Archery,1.7
Terri Simpson,4,Archery,1.69
Hannah Martinez,1,Badminton,1.7
Heather Harmon,1,Basketball,2.11
Amanda Graham,1,Badminton,1.97
Timothy Duncan,2,Archery,1.83
David Reynolds,1,Basketball,2.26
Ryan Crosby,4,Badminton,2.09
Nicholas Williams,4,Badminton,2.01
Gloria Sullivan,1,Badminton,1.93
Nathan Chapman,1,Badminton,2.02
Megan Hanson,1,Badminton,1.71
William Garcia,1,Archery,1.67
Angela Palmer,2,Badminton,1.96
Megan Collins,1,Archery,1.74
Dana Boyle,1,Archery,1.96
Amy Walker,1,Archery,1.65
Amy Moore,1,Badminton,2.21
Kayla Goodwin,1,Archery,1.7
Paula Kirk,3,Basketball,2.07
Ryan Horton,1,Badminton,1.85
Carol Zuniga,3,Badminton,2.02
John Thomas,3,Archery,1.67
Andre Valentine,1,Basketball,1.99
Sherry Lee,1,Basketball,1.88
April Stephens,3,Badminton,1.67
Joseph Larson,1,Basketball,1.97
Stuart Johnston,1,Archery,1.61
Deborah Wilkinson,2,Badminton,2.1
Lee Spence,1,Archery,1.57
Michael Silva,2,Basketball,1.9
Heather Campbell,2,Archery,1.69
Paul Shah,4,Archery,1.8
Jose Myers,4,Basketball,2.04
Yolanda Garcia,1,Basketball,1.99
Aaron Henderson,1,Archery,1.66
Mary Smith,1,Archery,1.69
Christian Mcgee,1,Badminton,1.83
Joshua Johnson,1,Archery,1.61
Lisa Hernandez,2,Archery,1.72
Donna Boyd,1,Archery,1.68
Ashley Andrade,2,Basketball,1.89
Nicole Burgess,1,Badminton,1.87
Manuel Lang,4,Badminton,1.9
Jose Black,2,Badminton,1.86
Maria Mosley,2,Badminton,1.86
David Decker,3,Badminton,1.96
Robert Bird,2,Badminton,1.89
Katherine Mcguire,3,Badminton,1.99
Regina Davis,1,Basketball,2.13
Nathaniel Ramirez,1,Basketball,2.17
Lisa Nelson,4,Basketball,1.84
Leon Mckinney,3,Badminton,1.92
Carrie Ellison,1,Badminton,1.89
Lauren Campbell,1,Badminton,1.8
Julie Reilly,2,Archery,1.74
Nichole Williams,1,Archery,1.68
Dan King,1,Archery,1.82
Tracy Long,1,Basketball,2.17
Stacy Graves,1,Archery,1.74
Zachary Shannon,1,Archery,1.74
Stephanie Weber,1,Archery,1.55
David Jackson,1,Basketball,2.1
Elizabeth Jordan,1,Archery,1.64
Richard Robinson,1,Archery,1.79
Lori Torres,1,Basketball,1.96
Erin Boyd,1,Archery,1.72
Melanie Malone,1,Badminton,1.88
Christina Williams,3,Badminton,2.02
John Hanson,2,Basketball,2.17
Allison Johnson,1,Archery,1.64
Diana Molina,1,Badminton,1.93
Nicholas Murphy,2,Badminton,1.73
Jack Aguilar,1,Archery,1.8
Alisha Guerrero,2,Basketball,2.04
Mrs. Carolyn Ward MD,4,Archery,1.58
Cynthia Peters MD,1,Archery,1.8
Latasha Trujillo,4,Basketball,2.17
Stacy Johnson,2,Badminton,1.93
Daniel Jackson,3,Basketball,2.06
Teresa Thomas,1,Basketball,2.08
Richard Acevedo,3,Badminton,2.01
Becky Lindsey,3,Archery,1.71
Alexa Clark,1,Basketball,2.15
Austin Bell,1,Archery,1.61
Nicole Robinson,2,Archery,1.75
Laura Patel,2,Basketball,1.97
Tanner Osborne,3,Basketball,2.01
Marcus Anderson,1,Badminton,1.75
Elizabeth Marshall,1,Badminton,1.84
Timothy Hodge,1,Badminton,1.87
Elizabeth Sheppard,4,Basketball,1.9
Ashley Rodriguez,4,Basketball,1.94
Tammy Robbins,1,Basketball,2.14
Joshua Gray,4,Badminton,1.95
Douglas Crawford,1,Archery,1.86
Benjamin Parker,4,Basketball,2.07
Daniel Meyer,2,Archery,1.9
Justin Robinson,1,Basketball,1.84
Thomas Austin,2,Badminton,1.81
Richard Patel,1,Archery,1.66
Samantha Macias,2,Basketball,1.89
Jason Castro,1,Badminton,1.87
Connor Marquez,2,Basketball,2.05
Tammy Adams,1,Badminton,1.71
Anthony Kirk,1,Basketball,2.25
Mathew Perez,1,Basketball,1.92
Brian Salinas,1,Archery,1.59
Christian Cruz,1,Archery,1.63
April Pearson,4,Archery,1.74
Paul Mitchell,2,Basketball,2.01
Jeffrey Davis,4,Archery,1.79
Rachel Tucker,1,Archery,1.85
Stephanie Scott,1,Badminton,1.84
Karl Villanueva,1,Archery,1.72
William King,1,Badminton,1.72
Veronica Mcintosh,1,Archery,1.66
Brandon Torres,1,Archery,1.89
Sarah Calhoun,4,Badminton,1.89
Joshua Roberts,1,Badminton,1.86
Mary Parker,2,Badminton,2.01
Audrey Johnson,1,Badminton,1.85
Elizabeth Graves PhD,1,Basketball,2.3
Crystal Knight,1,Basketball,2.02
Charlotte Ibarra,2,Badminton,1.96
Tricia Brown,1,Basketball,1.92
Howard Alvarez,3,Basketball,1.96
Deborah Koch,1,Badminton,1.9
John Sharp,3,Badminton,1.93
Brian Sanchez,1,Archery,1.61
Michael Hall,1,Archery,1.74
Robert Boyd,1,Basketball,2.28
Leslie Burke,1,Archery,1.53
Cassandra Hansen,4,Archery,1.74
John Matthews MD,1,Basketball,2.08
Dennis Barrett,1,Badminton,2.01
Russell Roberts,2,Badminton,1.95
Deborah Roth,4,Archery,1.84
Catherine Sanchez,3,Basketball,2.01
Debra Montes,2,Basketball,1.98
Beth Nash,1,Basketball,1.87
Joshua Richardson,2,Archery,1.79
Cassie Jackson,1,Badminton,1.88
Brittany Ryan,1,Basketball,1.92
Scott Alvarez,1,Basketball,2.02
Kari Olsen,1,Basketball,2.08
Zachary Farmer,1,Basketball,2.0
Jeffrey Woods,2,Badminton,1.89
Ashley Shepard,2,Badminton,1.92
Nancy Hamilton,1,Badminton,1.77
April Graham,2,Badminton,1.76
Susan Daniels,1,Archery,1.58
Daisy Haynes,1,Archery,1.81
Paul Alexander,1,Basketball,1.77
Dawn Villarreal,4,Archery,1.67
Miguel Reilly,2,Badminton,1.88
John Branch,1,Basketball,1.86
Jacqueline Levine,1,Badminton,1.87
Jessica Jackson,3,Basketball,2.01
Thomas Murray,1,Archery,1.8
Emily Delacruz,2,Basketball,1.78
Christopher Salinas,3,Archery,1.86
Cory Moore,1,Basketball,2.24
William Odonnell,1,Badminton,1.82
Brandon Whitaker,1,Basketball,2.17
April Rowland,2,Archery,1.65
Joyce Brandt,1,Basketball,1.99
Margaret Shields,1,Badminton,1.87
Steve Simmons,1,Archery,1.76
Deborah Kent,2,Basketball,2.05
Austin Wilcox,4,Basketball,2.26
Terry Hughes,1,Basketball,2.13
Micheal Thomas,1,Basketball,2.0
Travis Rodriguez,1,Badminton,1.98
Kristi Vasquez,1,Archery,1.74
William Curry,1,Basketball,2.16
Gina Webster,1,Badminton,1.83
Phillip Gilbert,4,Archery,1.85
Ronnie Marsh,1,Archery,1.62
Franklin Johnson,1,Badminton,2.05
Zachary Garza,1,Basketball,2.05
Steven Mckinney,1,Basketball,2.26
Benjamin Martinez,2,Archery,1.75
Julia Pratt,2,Archery,1.72
Scott Ibarra,2,Archery,1.78
Ashley Davis,2,Archery,1.74
Leroy Bean,2,Basketball,2.19
Mark Fox,3,Basketball,2.1
Steven Bailey,3,Archery,1.92
David Porter,1,Basketball,2.13
Regina Mills,2,Badminton,1.96
Shannon Orozco,2,Badminton,1.83
Mr. Gerald Williamson MD,1,Badminton,1.94
James Campbell,2,Badminton,1.88
Donald Allen,1,Archery,1.68
Kim Flores,1,Basketball,1.92
Elizabeth Mitchell,3,Basketball,1.99
Alexis Burns,1,Archery,1.57
Robert Woodward,2,Badminton,1.86
James Hernandez,1,Archery,1.82
Jessica Carter,1,Archery,1.67
Michael Mullins,2,Archery,1.71
Rebecca Mitchell,1,Basketball,1.94
Mitchell Park,3,Archery,1.61
Anita James,3,Badminton,1.87
Richard Smith,1,Basketball,2.0
Christopher Saunders,1,Archery,1.86
Edward Adams,2,Basketball,1.81
Thomas Santos,2,Archery,1.5
Joseph Lamb,2,Archery,1.73
Ryan Thomas,2,Badminton,1.81
Russell Martinez,2,Badminton,1.84
Lisa Baker,1,Badminton,1.9
Benjamin Torres,1,Badminton,2.14
Matthew Martin,1,Badminton,2.09
Jacob Castillo,3,Archery,1.76
John Wu,1,Basketball,2.06
Donald Hampton,3,Badminton,1.84
Jeffery Perez,1,Basketball,2.19
Nicole Ponce,4,Archery,1.5
Erik Wallace,1,Archery,1.8
Danny Allen,2,Basketball,1.92
Jose Fischer,3,Archery,1.7
Cody Parker,3,Archery,1.6
Jeffrey Crawford,4,Basketball,2.13
Christopher Robinson,4,Basketball,1.94
Tyler Mann,1,Archery,1.61
Danielle Velasquez,4,Badminton,1.82
John Berger,3,Basketball,1.84
Sarah Haney,1,Archery,1.9
Mark Holmes DDS,3,Archery,1.68
Linda White,4,Archery,1.61
Jillian Sawyer,1,Basketball,2.23
Steven Tucker,1,Archery,1.8
Johnny Bright,1,Basketball,2.01
Jennifer Pham PhD,4,Basketball,1.87
Michael Rodriguez,2,Basketball,1.97
John Warner,4,Badminton,2.01
Kimberly Larson,2,Badminton,1.81
Amanda Ross,1,Badminton,1.88
Danny Sharp,1,Archery,1.89
Debbie Gonzalez,1,Badminton,1.76
Timothy Mayer,3,Basketball,2.04
Michael Hicks,2,Archery,1.61
Brittany Carlson,2,Archery,1.78
Sarah Mcneil,1,Archery,1.8
Donna Hurst,1,Badminton,1.97
Julie Bennett,1,Badminton,1.97
Samuel Pitts,1,Archery,1.72
Amanda Kelly,1,Badminton,1.98
Christopher Luna,2,Archery,1.82
Dr. Ruth Stone MD,1,Basketball,1.94
Andrew Bradley,2,Archery,1.74
Leslie Hobbs,1,Badminton,1.58
Chad Evans,2,Archery,1.62
Marco Hess,1,Basketball,1.74
Daniel Davis,4,Basketball,2.14
Bradley Gamble,4,Archery,1.76
Isaiah Martinez,1,Badminton,2.07
Michael Gilbert,4,Badminton,2.13
Douglas Hensley,1,Badminton,1.77
Jessica Hess,1,Basketball,2.09
Jose Roman,1,Archery,1.85
April Barajas,4,Archery,1.57
Edward Long,1,Badminton,1.93
Marcus Lee,1,Basketball,2.08
Michael Soto,3,Badminton,1.73
Adam Kaufman,1,Archery,1.55
Nicole Scott,1,Archery,1.64
Paula Villanueva,4,Basketball,2.17
Derek Myers,1,Basketball,2.1
Jasmine Kelley,1,Archery,1.8
Dr. Bradley Johnson MD,1,Basketball,1.99
Michael Benson,1,Archery,1.68
Kathleen Thornton,2,Archery,1.71
Maria Choi,1,Badminton,1.95
Aaron Mcfarland,4,Badminton,1.98
Craig Kennedy,1,Basketball,1.84
Jennifer Johnson,1,Archery,1.77
Rebecca Torres,3,Badminton,1.96
Brandy Cooper,3,Basketball,2.06
Alexander Ortega,1,Archery,1.69
Kevin Ochoa,1,Basketball,1.94
Kimberly Smith,4,Archery,1.57
Ellen Herrera,2,Basketball,2.01
Joseph Liu,2,Badminton,2.06
Judith Santos,1,Basketball,1.81
Samantha Adkins,1,Basketball,2.22
Ashley Oneill,2,Basketball,2.0
James Roberts,1,Archery,1.92
Shannon Bray,1,Badminton,1.83
Allison Evans,3,Archery,1.79
Richard Shaw,1,Badminton,1.76
Erin Howard,1,Archery,1.71
Leslie Curtis,1,Archery,1.92
Elizabeth Johnson,4,Basketball,2.19
Michael Mcbride,1,Basketball,1.86
Jason Reilly,2,Badminton,1.95
Julie Mitchell,2,Basketball,2.3
Eddie Mejia,1,Basketball,1.89
Mr. Angel Greene DVM,1,Archery,1.72
Autumn Robinson,1,Archery,1.65
Vanessa Johnson,2,Badminton,1.91
Joshua Lucero,4,Archery,1.61
Jeremy Rodriguez,2,Basketball,2.05
Darrell Smith,2,Basketball,2.11
Danny White,3,Archery,1.85
Keith Downs,3,Archery,1.9
Elizabeth Madden MD,1,Badminton,2.12
Daniel Wilson,1,Badminton,1.94
Laura Davis,1,Badminton,1.95
Kevin Hendrix,4,Badminton,2.09
Warren Hardin,1,Basketball,2.01
Maureen Gomez,4,Archery,1.77
Scott Martin DVM,4,Basketball,1.79
Kayla Guerra,1,Badminton,2.03
Nancy Dixon,4,Basketball,1.9
David Wright,1,Archery,1.66
Barbara Gonzalez,3,Badminton,1.87
Thomas Wilson,2,Basketball,2.21
Allen Woods,1,Basketball,2.24
Julie Russell,1,Archery,1.88
Michael Vang,1,Archery,1.66
Brenda Baker,2,Archery,1.67
Joseph Wright,1,Badminton,1.97
Eric Watkins,2,Badminton,1.96
Mark Burke,4,Archery,1.59
George Nguyen,1,Archery,1.69
Kevin Mack,1,Basketball,2.22
Christopher Watson,3,Badminton,1.76
Jessica Oneal,3,Badminton,1.82
James Johnson,2,Archery,1.74
Sarah Barron,1,Badminton,1.88
Luke Strickland,2,Badminton,1.84
Lisa Taylor,1,Badminton,1.95
Stephanie Carter,2,Basketball,2.14
Jessica Rojas,4,Archery,1.8
Benjamin Davis,2,Badminton,2.07
Katelyn Orr,1,Badminton,1.85
Jason Monroe,1,Archery,1.79
Tracy Diaz,1,Badminton,1.9
Jonathan Caldwell,1,Archery,1.67
Jim Rhodes,1,Archery,1.69
Stacey Kelly,3,Archery,1.83
James Baldwin,1,Basketball,1.73
James Baker,1,Basketball,2.02
Michael Green,2,Archery,1.55
Veronica Chavez,2,Basketball,1.92
Laura Salazar,1,Basketball,2.04
Lindsey Nichols,1,Badminton,1.64
Alison Hernandez,1,Basketball,2.09
Lisa Bean,2,Archery,1.57
Clayton Gomez,4,Archery,1.76
John Mcguire,2,Badminton,1.78
Kaitlyn Nichols,3,Basketball,2.05
Teresa Moore,4,Badminton,2.05
Jamie Blankenship,2,Archery,1.7
Emily Adams,2,Basketball,2.08
Valerie Mendoza,1,Archery,1.68
Michelle Flores,4,Archery,1.76
William Newman,1,Basketball,1.97
Mr. Kenneth Dunn,1,Basketball,2.05
Katrina Morales,1,Badminton,1.72
Jonathan Harris,1,Archery,1.69
Glenn Roberts,1,Archery,1.72
Kristi Wright,1,Basketball,1.96
Arthur Brown,4,Badminton,2.11
Elizabeth Smith,1,Badminton,1.93
Austin Foster,3,Basketball,2.07
Justin Long,1,Basketball,2.15
Jeanette Butler,2,Basketball,2.11
David Johnson,4,Archery,1.63
Kimberly Spencer,1,Badminton,1.89
Thomas Rodriguez,4,Badminton,1.91
Jerry Jensen,1,Basketball,2.15
Jennifer Coleman,1,Basketball,2.01
Juan Dunlap,2,Archery,1.67
Henry Roberson,2,Badminton,1.93
Gregory Lawrence,1,Badminton,1.86
David Jones,1,Basketball,2.14
Roberto Mullins,4,Archery,1.84
Matthew Gray,1,Archery,1.59
Jennifer Morgan,2,Basketball,1.87
Steven Harrison,4,Basketball,2.04
Alicia Arnold,2,Basketball,2.19
Ricky Carrillo,4,Basketball,2.06
Seth Whitaker,4,Badminton,1.75
Margaret Peterson,3,Archery,1.73
Sharon Mccarthy,3,Archery,1.76
Michael Brown,2,Badminton,1.66
Tamara Christian,1,Archery,1.75
Dr. David Lyons,2,Badminton,1.82
Emily Anderson,1,Badminton,1.85
Elizabeth Martin,2,Basketball,2.0
Wendy Collins,1,Basketball,1.73
Terry Hudson,2,Badminton,1.94
Kristi Gray,3,Badminton,1.84
Jennifer Dyer,2,Archery,1.67
Paula Stevens,2,Archery,1.74
Lacey Robinson,3,Badminton,1.73
Linda Mcdonald,1,Badminton,2.05
Janet Baird,1,Badminton,1.97
Raymond Stephens,1,Basketball,2.08
Sergio Parker,2,Archery,1.5
Christopher Shaw,2,Archery,1.97
Robert Norton,1,Badminton,1.94
Megan Leon,1,Badminton,1.68
Ricardo Cummings,4,Badminton,1.91
Jasmin Cline,1,Basketball,2.16
Cory Andrews,1,Basketball,1.94
Amber Torres,3,Basketball,1.98
Larry Love,1,Basketball,2.04
Michael Allen,1,Basketball,2.14
Mrs. Leslie Ramos,4,Basketball,1.94
Stacy White,1,Basketball,2.08
Charles Tate,4,Archery,1.75
Wesley Smith,2,Archery,1.54
Corey Hernandez,1,Basketball,2.09
Daniel Garcia,4,Badminton,1.99
Anthony Lyons,1,Basketball,2.13
Kimberly Adams,4,Archery,1.62
Lucas Zhang,3,Badminton,1.94
Chad Payne,1,Archery,1.61
Tracy Winters,3,Basketball,1.84
Todd Baker,3,Archery,1.77
Cody Vazquez,1,Archery,1.59
Mario Barnes,2,Basketball,1.8
Chelsea Burns,1,Basketball,2.02
William Miller,1,Badminton,1.85
Sue Quinn,1,Badminton,2.04
William Griffin,3,Badminton,1.98
Phillip Hoover,3,Archery,1.8
Dana Robles,1,Badminton,2.01
Sierra Howard,2,Badminton,1.88
Cynthia Zuniga,1,Badminton,1.8
Casey Callahan DDS,1,Badminton,1.9
Cynthia Cole,1,Basketball,1.98
Jill Walker DDS,1,Badminton,1.96
Brian Caldwell,2,Badminton,1.88
Tracy Mata,1,Archery,1.78
Tracey Moreno,1,Archery,1.63
Julia Smith,1,Archery,1.62
Samantha Smith,1,Badminton,1.87
Russell Mcpherson,4,Archery,1.84
Charles Roach,3,Badminton,2.04
Frederick Stevens IV,1,Badminton,1.88
Sean Morris,1,Basketball,1.94
Matthew Martinez,2,Archery,1.63
Lisa Ballard,2,Badminton,1.84
Jessica Kim,1,Archery,1.73
Amanda Pierce,2,Badminton,2.01
John Douglas,1,Basketball,2.11
Tiffany Harris,3,Archery,1.92
Michelle Johnson,2,Archery,1.61
Ashley Parker,1,Badminton,1.87
Justin Nelson,1,Archery,1.69
Erik Cobb,3,Archery,1.67
Michael Mathis,2,Badminton,1.99
Craig Dunn,1,Archery,1.83
Rachel Ward,1,Basketball,1.91
William Ortega,1,Basketball,1.88
Edward Carey,2,Archery,1.71
Barbara Poole,1,Badminton,2.01
Thomas Moran,3,Archery,1.81
Cody Zavala,4,Archery,1.73
Michael Fisher,1,Basketball,2.13
Andre Brown,2,Archery,1.86
Mary Joseph,3,Archery,1.66
William Jones,4,Badminton,2.01
Thomas Morrow,3,Basketball,1.91
Charles Booker,1,Archery,1.5
Laura Daniels,2,Basketball,1.97
Marcus Reilly,2,Badminton,1.77
Scott Mayer,1,Basketball,1.82
Antonio Fowler,1,Archery,1.7
Ashley Stafford DDS,1,Badminton,2.04
Matthew Campbell,1,Archery,1.5
Joe York,3,Basketball,2.06
Charles Taylor,1,Badminton,1.91
Nancy Martin,3,Basketball,2.01
Rose Reeves,1,Badminton,1.82
Terry Murphy,1,Badminton,1.83
Kayla Kim,2,Archery,1.59
Marvin Lynch,1,Badminton,1.89
Kara Oconnor,1,Badminton,1.85
Edward Reed,3,Archery,1.92
John Castillo,1,Basketball,2.18
John Williams,1,Basketball,2.15
Jason Sellers,2,Archery,1.7
Nicholas Blair,3,Basketball,2.0
Shawn Potter,4,Basketball,1.87
Nicole Lee,2,Archery,1.91
Donna Day,1,Badminton,2.07
Nicholas Black,1,Basketball,2.22
Joseph Lamb,4,Badminton,1.71
Gary Obrien,1,Badminton,1.89
Patrick Cohen,2,Badminton,1.93
Isabella Reyes,4,Badminton,1.89
Ashley Nelson,3,Badminton,1.76
John Boyd,1,Archery,1.62
Lisa Gonzalez,1,Badminton,2.01
Casey Ball,2,Basketball,2.07
Bethany Frost,1,Basketball,2.09
Mr. Duane Sullivan,3,Badminton,1.99
Denise Diaz,2,Basketball,1.86
Jennifer Peck,1,Badminton,1.89
James Davis,1,Basketball,1.81
Zachary Diaz,2,Badminton,1.68
Sherry Blanchard,3,Basketball,2.29
Catherine Vincent,4,Basketball,2.08
Antonio Rhodes Jr.,4,Basketball,1.94
Sheila Khan,2,Archery,1.66
Melissa Fisher,1,Archery,1.5
John Blackwell,1,Archery,1.72
Katherine Chambers,2,Archery,1.67
Samuel Walter,1,Basketball,2.09
Evelyn Davis,4,Badminton,1.83
Alyssa Castaneda,1,Basketball,2.04
Michael Friedman,4,Badminton,1.75
Richard Blackburn,1,Badminton,2.05
Christian Valdez,4,Basketball,1.94
Maria Garza,4,Archery,1.8
John Cooper,1,Badminton,1.95
Jeremy Abbott,2,Basketball,1.97
Kenneth Robinson,2,Basketball,1.96
Michael Holmes,1,Basketball,1.97
Kiara Wong,1,Badminton,1.99
Juan Solomon,2,Badminton,1.81
Paul Gregory,2,Badminton,1.72
Deborah Jennings,4,Archery,1.74
John Chase,1,Archery,1.94
Gavin Briggs,1,Badminton,1.58
Ashley Carson,2,Basketball,2.17
Amy Sanchez,1,Badminton,1.86
Donna Taylor,2,Badminton,1.72
Nicholas Grant,1,Archery,1.75
Cynthia Blevins,1,Archery,1.5
Benjamin Mueller,1,Archery,1.91
Juan Andrews,4,Basketball,1.9
Colleen Clark,1,Badminton,1.97
Kenneth Roth,2,Archery,1.83
Amanda Contreras,1,Archery,1.69
Angela Huber,1,Badminton,1.88
Michael Nelson,1,Archery,1.64
Brandon Ryan,2,Badminton,1.86
Brian Mueller,1,Badminton,1.9
Carrie Dunn,1,Badminton,1.74
John Jones,1,Badminton,1.94
Margaret Hernandez,4,Archery,1.5
Stephen Reyes,1,Badminton,2.04
David Sutton,2,Basketball,2.22
Aaron Carroll,1,Basketball,2.11
Renee Shepard,1,Basketball,1.91
James Smith,4,Badminton,1.64
Levi Cunningham,3,Basketball,1.82
Charlene Fisher,1,Basketball,1.89
Tara Floyd,1,Badminton,1.9
Mary Johnston,3,Badminton,1.94
James Allen,3,Archery,2.01
Katie Fisher,1,Basketball,2.11
Renee Reed,3,Archery,1.64
Valerie Hart,3,Basketball,2.13
Garrett Terry,1,Archery,1.75
Kyle Huber,1,Basketball,2.11
Amanda Smith,1,Archery,1.61
Michaela Reyes,2,Archery,1.68
Elizabeth Roth,4,Basketball,2.05
Charles Ross,1,Archery,1.71
Christina Gilbert,1,Badminton,1.81
Danielle Wiley,1,Archery,1.8
Destiny Cummings,1,Badminton,1.68
Anna Ellis,1,Basketball,1.77
David Thompson,1,Archery,1.6
Latoya Arnold,2,Archery,1.91
Stephanie Kent,2,Basketball,2.04
Tara Garcia,1,Archery,1.61
Lori Rodriguez,1,Basketball,1.91
Ashley Rogers,1,Badminton,1.82
Tammy Love,2,Archery,1.51
Angela Miller,1,Archery,1.69
Cynthia Sullivan,1,Badminton,2.12
Fernando Jones,2,Basketball,1.74
Olivia Stanton,1,Archery,1.61
Bill Harrington,3,Basketball,2.04
Nicole Walker,2,Basketball,2.22
Hannah Gonzalez,2,Badminton,1.97
Joshua Walters,1,Badminton,1.89
Crystal Jones,2,Archery,1.86
Lisa Arellano,4,Basketball,1.8
Matthew Valenzuela,1,Badminton,1.93
Dylan Saunders,1,Archery,1.79
Kenneth Vaughan,1,Archery,1.79
Jamie Mccullough,2,Archery,1.68
Theresa Franklin,2,Archery,1.72
Mitchell White,1,Badminton,1.86
Alexander Velasquez,4,Archery,1.75
Cheryl Luna,2,Badminton,1.86
Erin Valencia,1,Badminton,1.87
Deanna Russell,2,Basketball,2.16
Bobby Wheeler,1,Archery,1.5
Travis Hunt,3,Badminton,2.01
Bruce Fletcher,1,Badminton,1.94
Steven Walsh,3,Basketball,1.9
Joshua Wang,4,Archery,1.64
Edward Crane,1,Basketball,1.79
Stephanie Orozco,1,Basketball,2.24
Robert Quinn,1,Archery,1.83
David Lester,2,Archery,1.76
Danielle Blankenship,2,Basketball,2.0
Manuel White,2,Badminton,2.02
Melanie Watkins,1,Archery,1.57
Joshua Frazier,1,Badminton,1.92
Jennifer Cameron,2,Basketball,1.94
Caroline Barton MD,2,Badminton,2.03
Samantha Flores,1,Basketball,2.04
Peggy Andrews,1,Badminton,1.97
Todd Williams,3,Basketball,2.11
Robert Clark,1,Badminton,1.87
Melinda Brown,1,Basketball,2.17
Mary Hernandez,1,Archery,1.75
Brett Goodwin,1,Archery,1.77
Garrett Alexander,2,Badminton,1.92
Angela Potter,1,Badminton,1.72
Jeffrey Jones Jr.,1,Badminton,1.95
Marcus Mayo,1,Basketball,2.13
Marie Preston,1,Badminton,1.82
Linda Wang,3,Basketball,1.94
Roger Phillips,3,Badminton,1.87
Susan Spencer,3,Archery,1.93
Olivia Christensen,1,Archery,1.7
Julie Wagner,1,Archery,1.89
Amanda Howell,1,Badminton,1.88
Taylor Briggs,4,Basketball,1.87
Darius Coleman,1,Basketball,1.99
Calvin Wood,1,Basketball,2.11
Steven Suarez,1,Basketball,2.15
Roger Jefferson,2,Archery,1.68
Michelle Petersen,1,Archery,1.59
Dr. Brett Rosales,3,Badminton,1.93
Jennifer Miller,3,Badminton,1.77
Monica Mcpherson,2,Archery,1.79
Miss Kelly Ward DDS,2,Archery,1.62
Troy Bush,2,Basketball,2.01
Tasha White DVM,1,Archery,1.81
Lisa Hill,4,Archery,1.76
James Davis,1,Basketball,2.3
Jesse Conner,1,Archery,1.81
John Fernandez,3,Basketball,1.83
Amanda Smith,3,Archery,1.7
Monica Hardy,1,Basketball,2.07
Sherri Parrish,2,Archery,1.57
Michael Wood,2,Badminton,1.94
Shannon Peck,4,Basketball,2.04
Joseph Jordan,1,Archery,1.94
David Kim,4,Archery,1.72
Deanna Long,4,Archery,1.64
Charles Acevedo,1,Basketball,1.81
Victor Mendoza,3,Badminton,1.8
Mr. Michael Harris,4,Archery,2.01
Laura Erickson,2,Badminton,2.09
Zachary Collins PhD,1,Badminton,2.24
Deborah Medina,1,Archery,1.7
Stacey Baker,1,Archery,1.61
Nicholas Hardy,1,Basketball,2.29
Ashley Brady,2,Badminton,1.83
Amanda Knight,2,Basketball,2.06
Robert Johnston,2,Archery,1.67
Raymond Moore,1,Archery,1.55
Colton Harris,2,Archery,1.81
Holly Bailey,2,Archery,1.75
Felicia Page,2,Basketball,2.05
Sarah Flowers,2,Basketball,1.9
Allison Weber,1,Basketball,2.02
Riley Reed,1,Archery,1.69
Deanna Caldwell,1,Basketball,2.02
Charlotte Jones,1,Badminton,1.98
Patrick Peters,2,Basketball,2.0
Patrick Perez,2,Badminton,2.05
Kenneth Cox,1,Basketball,1.74
Christopher Holland,2,Archery,1.78
Steven Davis,4,Badminton,1.76
Kyle Hall,2,Archery,1.78
Michael Johnson,4,Archery,1.6
Christopher Johnson,1,Basketball,2.14
Mrs. Amy Molina DVM,1,Archery,1.67
Amanda Sanders,1,Basketball,2.07
Dustin Jones,1,Archery,1.61
James Davis,1,Archery,1.8
Jonathan Ortiz,2,Archery,1.68
Nicole Diaz,1,Basketball,1.8
Tyler Garrett,4,Basketball,2.0
Steven Sloan,4,Badminton,1.84
Robert Coffey,2,Basketball,1.9
Ricardo Williams,1,Basketball,1.97
Austin Johnson,3,Badminton,1.92
Patricia Shields,1,Basketball,2.18
Tina White,2,Archery,1.63
James Henry,1,Archery,1.78
Sandra Evans,1,Basketball,1.88
Tracy Davis,1,Basketball,1.95
Joseph Lambert,1,Badminton,1.93
Jon Parks,1,Archery,1.74
Michael Jackson,4,Basketball,1.98
Jamie Salazar,2,Archery,1.75
Melissa Hunt,1,Archery,1.62
Christine Gray,1,Basketball,1.92
Tanya Ross,3,Archery,1.62
Andrew Davis,2,Archery,1.83
Danielle Garza,1,Badminton,2.09
Danielle Miller,1,Archery,1.68
Ricardo Khan,1,Archery,1.9
Deborah Roy,3,Basketball,1.95
Miranda Henderson,1,Badminton,1.96
Amanda Peterson,1,Badminton,1.97
Drew Barnes PhD,1,Archery,1.61
Jeremy Mitchell,2,Basketball,2.3
David Williams,1,Badminton,1.87
Richard Cochran,4,Archery,1.85
Monica Hamilton DDS,1,Archery,1.69
Mary Peterson,2,Archery,1.94
Rebecca Parsons,2,Badminton,1.9
Jody Stephens,2,Badminton,1.76
Alexander Walters,1,Archery,1.81
Gabriel Wilson,1,Badminton,1.88
Dr. Benjamin Miller,3,Basketball,1.74
Elizabeth Gray,1,Badminton,1.95
Michael Evans,2,Archery,1.57
Ashley Reynolds,1,Basketball,1.9
Luke James,1,Basketball,1.84
Christopher Strong,1,Basketball,1.99
Jeffrey Forbes DVM,1,Badminton,2.11
Kelsey Hampton,2,Basketball,2.28
Tammy Fleming MD,1,Archery,1.94
Michael Grant,1,Basketball,1.99
Tracy Keith PhD,1,Badminton,1.95
Matthew Chen,3,Basketball,2.07
Marcus Mcdowell,1,Basketball,2.04
Amanda Wilson,1,Basketball,2.11
Amy Martin,2,Badminton,1.85
Robert Smith,1,Basketball,1.95
Richard Davis,3,Badminton,1.9
Kelly Hunt,1,Archery,1.69
Jason Carr,3,Badminton,1.8
Annette Evans,2,Basketball,2.17
Yvette Stewart,1,Archery,1.72
Michael Guzman,1,Badminton,2.06
Reginald Blake,1,Basketball,2.07
Frederick Moss,1,Badminton,2.09
Nicole Berger MD,1,Archery,1.87
Steven Jordan,2,Archery,1.88
Sharon Crawford,3,Archery,1.82
David Ward,1,Badminton,1.84
Christine Berg,1,Archery,1.8
Dustin Duke,1,Basketball,1.8
Danielle Scott,2,Badminton,1.86
Jessica Evans,1,Archery,1.7
Charles Davila,2,Basketball,1.96
Brian Lindsey,1,Archery,1.83
Zachary Davis,1,Archery,1.6
Michael Cortez,1,Badminton,1.88
Steven Burke,4,Archery,1.71
Scott Stevens,3,Archery,1.66
Kyle Hawkins,1,Basketball,2.05
Lauren Lewis,3,Basketball,2.23
Sheri Johnson,2,Basketball,2.1
Gerald Short,1,Basketball,2.18
Joshua Barrett,1,Basketball,2.26
Laura Booker,1,Badminton,1.87
Ashley Hanson,3,Badminton,1.82
Rachel Caldwell,1,Basketball,1.99
Karen Parker,1,Basketball,2.23
Dr. Kerry Cardenas,2,Archery,1.83
Linda Lee,4,Badminton,2.03
Nicole Miller,1,Basketball,2.14
Katie Martin,1,Badminton,1.98
Nicholas Davis,2,Archery,1.77
Peter George,2,Badminton,2.02
Samantha Alvarado,1,Badminton,2.08
Jennifer Robinson,1,Badminton,2.01
James Johnson,4,Basketball,2.11
Eric Jones,1,Badminton,1.73
Keith Ramirez,1,Basketball,2.23
Shannon Willis,2,Basketball,1.95
Ricky Burton,3,Basketball,2.28
Daniel Logan,2,Archery,1.85
Christina Neal,1,Archery,1.72
Cody Vasquez,1,Basketball,2.01
Connie Taylor,1,Basketball,1.95
Laura Parker,2,Archery,1.59
Ian Garcia,1,Archery,1.8
Austin Long,4,Badminton,1.74
Dorothy Bowman,1,Badminton,1.93
Deborah Rogers,1,Badminton,2.02
David Carpenter MD,1,Archery,1.73
Terry Kirby,1,Basketball,1.95
Mark Huang,3,Basketball,1.97
Beth Smith,4,Basketball,1.99
Daniel Miller,1,Archery,1.85
Abigail Holmes,4,Archery,1.73
Amanda Baker,2,Archery,1.5
Deanna Rogers,2,Archery,1.67
Hunter Rollins,1,Badminton,1.88
Lisa Chaney,1,Basketball,1.94
Ronald Duran,1,Badminton,1.8
Gregory Stone,1,Badminton,1.81
Nicholas Williams,1,Archery,1.86
Cynthia Smith,1,Basketball,1.92
Dr. Michael Allen,1,Badminton,2.28
Michael Stokes,3,Basketball,2.09
Derrick Mills,1,Archery,1.62
Amanda Hale,1,Basketball,2.17
Theresa Walters,1,Badminton,1.77
Jessica Hodges,2,Badminton,1.76
Katrina Reeves,2,Basketball,2.05
Derek Mckenzie,2,Badminton,1.75
Martin Lewis,2,Archery,1.64
Andrew Garrett,1,Archery,1.79
Francisco Hoover,2,Basketball,2.11
Brandy Payne,1,Basketball,1.89
Tanner Mclaughlin,2,Archery,1.85
Christopher Peck,1,Basketball,1.97
Danielle Mills,1,Basketball,2.3
Michael Zhang,4,Archery,1.68
John Bolton,2,Basketball,1.98
Douglas Jones,3,Archery,1.71
Mary Rodriguez,1,Archery,1.72
Gregory Rodriguez,3,Basketball,1.96
Shannon Ferguson,3,Basketball,2.13
Brian Reynolds,3,Basketball,2.19
Derrick Medina,2,Basketball,1.92
Todd Estrada,1,Basketball,1.98
Bryan Robbins,1,Basketball,2.01
Danielle Pruitt,1,Basketball,2.15
Kimberly Lewis,1,Archery,1.76
Mary Smith,1,Badminton,1.94
Amy Livingston,2,Badminton,1.92
Hunter Mcfarland,3,Basketball,2.07
Dennis Marshall,1,Archery,1.56
Susan Jones,1,Archery,1.58
Tara Wright,1,Basketball,1.94
Sarah Acevedo,1,Archery,1.8
Karen Barker,1,Basketball,2.21
Sean Phillips,1,Badminton,1.82
Jason Shaw,1,Basketball,1.91
Jocelyn Mclean,1,Basketball,2.0
Nicholas Taylor,2,Badminton,1.95
Janet Garcia,4,Basketball,2.11
Angela Greer,3,Badminton,1.8
Charles Barnett,3,Basketball,2.07
Sean Mclaughlin,2,Badminton,1.8
Michael Rodriguez,2,Archery,1.71
Beth Bailey,2,Archery,1.51
Joseph Hernandez,4,Basketball,2.1
Mary Carson,2,Basketball,2.15
Kristina Howell,4,Basketball,2.0
Cheryl Manning,1,Badminton,1.74
Sandra Delgado,1,Basketball,2.1
Cody Smith,1,Archery,1.72
Dr. Michael Lopez,1,Badminton,1.89
Colleen Mcdaniel,4,Archery,1.8
Dawn Wilson,1,Badminton,1.92
Philip Herring,3,Archery,1.98
Ricky Williams,1,Badminton,1.71
Robert Daniels,1,Basketball,1.96
Kevin Gordon,3,Basketball,1.95
Ashley Davis,4,Badminton,1.76
Mary Hampton,2,Archery,1.67
Timothy Gonzalez,1,Basketball,2.16
Linda Harris,3,Basketball,2.06
Jon Cooper,4,Badminton,1.9
Pamela Lane,1,Basketball,2.11
Dr. Gregory Adams,3,Basketball,2.19
April Greene,1,Badminton,1.98
Darryl Graves,1,Archery,1.84
Beth Adams,1,Basketball,1.88
Anthony Melton,1,Badminton,1.84
Jamie Stephens,1,Badminton,1.81
Sean Phillips,1,Archery,1.6
Julie Flynn,1,Badminton,1.77
Devin Palmer,1,Archery,1.85
Bryan White,2,Basketball,2.13
Virginia Gonzales,1,Basketball,1.89
Gregory Hardy,4,Archery,1.84
Heather Dean,2,Basketball,2.11
Connie Hill,3,Archery,1.72
Jose Rich,1,Archery,1.84
Kevin Hernandez,2,Badminton,1.91
Karl Davis,1,Archery,1.65
Evan Olson,1,Basketball,1.99
Karen Cruz,4,Basketball,2.13
Kenneth Chavez,3,Archery,1.76
Aaron Davis,4,Archery,1.77
Jessica Guzman,1,Badminton,1.8
Marc Wilson,1,Basketball,2.04
Mrs. Sarah Perez MD,3,Basketball,2.04
Phillip King,2,Archery,1.82
Martin Ayala,3,Basketball,2.1
Mariah Miller DVM,2,Archery,1.58
Andrew Salinas,1,Archery,1.94
Megan Gonzalez,1,Badminton,1.73
Mr. Damon Morris,1,Basketball,2.01
Julia Pollard,2,Archery,1.73
Brittney Davis,1,Badminton,2.16
Crystal Graham,3,Basketball,1.95
Elizabeth Lee,1,Basketball,1.87
Craig Thomas PhD,1,Archery,1.66
Melissa Fox,3,Basketball,2.1
April Wu,1,Archery,1.78
Ricky Pitts,4,Badminton,1.84
Heather Williamson,1,Badminton,1.88
Kevin Ali,1,Basketball,1.98
Daniel Hernandez,1,Badminton,1.99
Scott Hayes,1,Basketball,1.94
William Contreras,3,Badminton,1.88
Janet Hammond,1,Archery,1.61
Brittney Nguyen,3,Badminton,1.92
Sally Mitchell,1,Archery,1.78
Kyle Hawkins,2,Archery,1.82
John Franklin,4,Badminton,2.16
Hunter Jenkins,4,Basketball,1.98
Patrick White,1,Basketball,2.15
Mark Edwards,2,Archery,1.7
Derrick Wyatt,1,Badminton,1.95
Nicholas Silva,1,Archery,1.5
Gary Johnson,4,Badminton,1.83
Robin Shaw,4,Badminton,1.97
Mark James,1,Basketball,2.1
Daniel Carney,1,Archery,1.71
Joseph Guerrero,4,Basketball,1.92
Stephanie Cooper,1,Badminton,1.86
George Vaughn,1,Badminton,1.95
Tami Robertson,1,Badminton,1.92
Gregory Newman,4,Badminton,1.77
Ann Mayo,1,Badminton,2.03
Wayne Long,1,Badminton,1.88
Cole Khan,1,Archery,1.58
Brooke Wilson,1,Archery,1.68
Michelle Wilkerson,2,Basketball,1.99
Erica Johnson,1,Basketball,2.06
David Gates,1,Archery,1.8
Bruce Merritt,1,Archery,1.82
Linda Cardenas,1,Basketball,1.78
Brooke Garcia,1,Archery,1.72
Charles Cisneros,3,Badminton,1.78
Amanda Davis,4,Archery,1.83
Taylor Burke,2,Basketball,1.99
Alison Smith,2,Badminton,2.06
Joseph Garcia,2,Badminton,1.99
Rachel Harper,2,Badminton,1.82
Mr. Lawrence Craig,1,Archery,1.71
Michelle Kelley,1,Archery,1.84
Cindy James,4,Badminton,1.7
Parker Davis,4,Archery,1.76
Barbara Henderson,4,Basketball,2.17
Tyler Lopez,2,Basketball,2.11
Amy Adams,1,Archery,1.68
Nathan Wilson,3,Badminton,2.1
Mario Scott,4,Basketball,1.77
Alexis Ramirez,2,Basketball,2.18
Susan Ross,2,Archery,1.78
Sarah Lopez,1,Badminton,2.11
Gary Sullivan,1,Archery,1.72
Rhonda Perry,1,Basketball,2.06
Jennifer Perez,2,Badminton,1.94
Benjamin Evans,1,Basketball,2.1
Rebecca Henderson,4,Archery,1.7
Joseph Myers,1,Archery,1.68
Dustin Valdez,2,Basketball,2.08
Matthew Williams,2,Badminton,1.91
Bernard Baker,2,Badminton,1.78
Kaitlyn Gonzalez,2,Basketball,2.08
Jennifer Hall,1,Archery,1.65
Adam Morgan,2,Basketball,2.02
Joshua White,1,Archery,1.77
Mark Ramos,1,Archery,1.79
Tamara Edwards,1,Badminton,2.01
Duane Ho,1,Archery,1.5
Jonathan Murphy,4,Archery,1.58
Steven Lewis,1,Archery,1.58
Erik Chen,1,Archery,1.55
Lynn Knapp,1,Badminton,2.04
Christine Powell,1,Archery,1.69
Laura Jones,1,Basketball,2.16
Ian Gardner,4,Badminton,1.77
Alicia Abbott,1,Badminton,1.96
Troy Long,4,Archery,1.5
Elizabeth Arnold,1,Badminton,2.12
Lisa Gibbs,1,Archery,1.87
Lisa Hernandez,1,Archery,1.54
Brandy Gaines,4,Badminton,1.77
Michael Graves,2,Badminton,1.89
Kathryn Carr,1,Basketball,2.18
David Clark,1,Basketball,1.91
Austin Rodriguez,1,Badminton,1.97
Curtis Davis,3,Basketball,2.02
Mckenzie Caldwell,1,Badminton,1.84
Kathleen Simpson,1,Archery,1.66
Raymond Lewis,1,Basketball,2.19
Christopher Butler,2,Basketball,2.18
Sara Reed,1,Badminton,1.95
Robert Dunn,2,Archery,1.8
Christina Robinson,4,Basketball,1.92
Kaitlyn Andrade,1,Basketball,1.91
Joshua Washington,1,Badminton,1.76
Jacqueline Brown,1,Archery,1.66
Jordan Horton,2,Badminton,2.01
Tom Johnston,1,Basketball,2.19
George Bryant,2,Basketball,2.0
Carlos Johnson,2,Basketball,2.13
Erika Thompson,1,Archery,1.81
Kayla Lowe,1,Badminton,1.96
John Bailey,3,Badminton,1.81
Tara Steele,2,Archery,1.8
Ann Crawford,1,Archery,1.72
Brian Sanchez,3,Basketball,2.24
Michael Peterson DVM,1,Badminton,1.99
Michael Doyle,2,Archery,1.74
Danielle Bailey,1,Archery,1.83
Elizabeth Reyes,3,Badminton,1.7
Joshua Taylor,2,Basketball,2.1
Adam Lawson,4,Archery,1.78
Heather White,1,Basketball,1.87
Eric Pierce,3,Badminton,1.94
Marilyn Maynard PhD,1,Badminton,1.81
Julia Flores,2,Badminton,1.76
Angela Harvey,2,Archery,1.79
Bruce Moore,2,Badminton,2.04
Jeremy Hernandez,1,Archery,1.86
James Lopez,1,Basketball,1.97
Nicole Mitchell,1,Basketball,2.05
Linda Moody,1,Badminton,2.06
Gina Walls,2,Basketball,1.94
Kevin Anderson,1,Badminton,1.98
Lindsey Rodriguez,2,Badminton,1.98
Walter Ramirez,1,Basketball,2.09
Jennifer Cook,1,Badminton,1.73
Kendra Smith,1,Archery,1.75
James Rivera,3,Archery,1.92
Dustin Kim Jr.,1,Archery,1.71
Joseph Greer,1,Basketball,1.99
David Harper,1,Archery,1.62
Anna Guzman,4,Badminton,1.83
Carlos Richardson,2,Basketball,1.92
Anthony Obrien,1,Basketball,2.01
Terry Mcmillan,1,Badminton,1.69
Kimberly Thompson,2,Badminton,1.76
Alicia Gomez,1,Archery,1.7
Johnathan Maynard,1,Basketball,1.97
Kimberly Blackwell,1,Archery,1.8
Paul Wood,1,Basketball,2.27
Allison Evans,1,Basketball,1.96
Jim Sharp,3,Badminton,1.83
James Holmes,1,Badminton,1.86
Tommy Ramirez,3,Archery,1.67
Susan Soto,3,Badminton,1.78
Mark Madden,4,Badminton,1.77
Dr. Megan Jennings,4,Archery,1.76
Victor Adams,1,Badminton,1.84
Jesse Bird,1,Basketball,1.9
Gabriel Vasquez,3,Badminton,1.95
Erica Wade,2,Archery,1.86
Miss Jennifer Jackson,3,Badminton,1.77
Colin Morales,1,Badminton,1.98
Christopher Wolf,1,Archery,1.67
David Alexander,1,Archery,1.78
Jeremy Rodriguez,2,Basketball,1.92
Elizabeth Thompson,1,Archery,1.77
Cheryl Torres,3,Badminton,1.8
William Fletcher,3,Basketball,2.13
Hannah Rivera,2,Badminton,1.87
Mark Hernandez,1,Basketball,2.11
Anthony Carson,2,Badminton,1.91
Randall Jackson,1,Basketball,2.08
Jessica Morris,1,Archery,1.71
Thomas Melton,2,Archery,1.56
Daniel Martinez,1,Basketball,2.11
Whitney Hernandez,2,Basketball,1.89
Teresa Perez,1,Basketball,1.76
Mitchell Figueroa,1,Badminton,1.94
Kristin Mooney,1,Basketball,2.07
Lorraine Reed,1,Archery,1.52
Casey Moore,2,Archery,1.56
Joshua Pierce,4,Badminton,2.03
Brooke Fischer,3,Basketball,2.16
Jean Kemp,1,Archery,1.72
Alan Brown,1,Basketball,2.06
Nicole Kemp,1,Badminton,1.86
Heather Chen,4,Badminton,1.8
Anna Scott,1,Basketball,1.96
Cindy May,1,Basketball,2.13
Mark Thomas,1,Badminton,1.71
Jason Lucero,1,Archery,1.9
Maria Phillips,2,Basketball,1.91
Sharon Morse,1,Archery,1.65
Lauren Morris,1,Badminton,1.88
Kathy Wilson,1,Archery,1.8
Timothy Wyatt,1,Basketball,1.98
Andrew Jones,2,Archery,1.73
Ms. Sandra Nguyen,1,Basketball,1.97
Monica Maynard,2,Archery,1.61
Madeline Savage,4,Badminton,2.02
James Price,1,Badminton,1.78
Kimberly Hernandez,2,Basketball,2.17
Jessica Johnson,1,Badminton,1.93
Catherine Mills,1,Basketball,2.08
Alyssa Patterson,1,Badminton,1.84
Steven Moreno,1,Basketball,2.0
Karl Buck,1,Basketball,1.89
Patricia Rose,1,Badminton,1.77
Erica Thompson,2,Badminton,2.09
Jasmine Lee,3,Archery,1.77
Tracie Wood,3,Badminton,1.93
Ms. Linda Williams,1,Badminton,1.74
Walter Mullen,1,Basketball,1.94
Dr. Heidi Meadows,1,Archery,1.8
Ricardo Hull,1,Basketball,2.0
Nicholas Whitaker,1,Basketball,1.96
Scott Montgomery,1,Basketball,2.13
Adrian Johnson,2,Archery,1.68
Mr. Samuel Graham PhD,4,Badminton,1.83
John Garcia,2,Archery,1.79
Cynthia Rios,1,Archery,1.69
Vanessa Jones,1,Archery,1.8
Ricardo Pearson,1,Badminton,2.04
Heather Estrada,1,Basketball,2.11
Elaine Pennington,1,Badminton,1.94
Allison Hunt,1,Archery,1.77
Kristy Chaney,1,Badminton,1.89
Tony Jennings,4,Badminton,1.97
Kara Nelson,1,Badminton,1.69
Sara Giles,1,Badminton,1.9
Stephanie Cervantes,2,Badminton,1.91
Jenna Crawford,1,Badminton,1.89
Robert Carter,1,Basketball,2.04
Michele Torres,4,Archery,1.74
Kari Hanson,1,Archery,1.6
Roger Hodge,1,Archery,1.56
Theodore Cook,1,Badminton,2.02
Patrick Floyd,2,Badminton,1.97
Melissa Howard,1,Basketball,1.97
Alexandra Pope,1,Archery,1.66
Brian Wilson,1,Archery,1.75
Brad Myers,3,Basketball,2.07
Jennifer Baker,2,Badminton,1.86
Bethany Collins,1,Basketball,1.87
Thomas Simmons,2,Archery,1.81
Randy Cummings,3,Badminton,1.7
Keith Cruz,1,Badminton,2.01
Lindsey Diaz,1,Badminton,1.7
Meredith Smith,1,Badminton,1.84
John Castillo,1,Badminton,1.96
Julie Herman,1,Archery,1.8
Ryan Stephenson MD,1,Badminton,1.89
Adam Pearson,1,Basketball,1.98
Manuel Gonzales,1,Badminton,1.77
Jeanette Anderson,3,Archery,1.66
Caleb Hernandez,1,Basketball,2.11
Jared Simpson,3,Basketball,2.02
Shari Johnson,1,Basketball,2.16
Chelsea Wright,1,Badminton,1.83
Michelle Scott,3,Badminton,1.85
John Rodriguez,1,Archery,1.86
Michael Martinez,1,Badminton,1.73
Vickie Gonzalez,1,Badminton,1.8
Joyce Gutierrez,1,Archery,1.72
Mariah Lopez,1,Archery,1.6
Jessica Lewis,1,Archery,1.76
Mary Morton,1,Basketball,2.09
Jennifer Gonzalez,1,Basketball,1.98
Joshua Moses,1,Basketball,2.09
Sandra Christensen,1,Basketball,1.9
Bonnie Smith,1,Basketball,2.16
Cody Warren,1,Basketball,2.14
Mary Reid,2,Archery,1.57
Amy Jones,1,Archery,1.68
Christopher Burke,1,Archery,1.73
Candice Castillo,1,Archery,1.85
Jonathan Hanson,3,Basketball,1.89
Sherri Vasquez,1,Archery,1.8
Cathy Estrada,1,Badminton,1.82
Thomas Stanley,3,Badminton,1.83
Mark Gilmore,1,Archery,1.84
Dennis Walker,2,Archery,1.63
Rebecca Oneal,2,Basketball,2.13
Sierra Moran,1,Badminton,1.88
Elizabeth Lee,1,Archery,1.65
Mark Boyd,3,Archery,1.8
Brian Marshall,2,Badminton,1.87
Kylie Scott,4,Badminton,1.88
Joanne Lester,1,Basketball,1.95
Clayton Knox,1,Basketball,1.97
Jennifer Leon,1,Badminton,2.05
Brandon Cook,1,Archery,1.5
Jimmy Weaver,1,Archery,1.5
Rita Medina,2,Basketball,2.19
David Carpenter,1,Basketball,2.17
